{"cameraMode":{"drawMode":0,"name":"Shaded","section":"Shading Mode"},"sceneLighting":true,"audioPlay":false,"sceneViewState":{"m_AlwaysRefresh":false,"showFog":true,"showSkybox":true,"showFlares":true,"showImageEffects":true,"showParticleSystems":true,"showVisualEffectGraphs":true,"m_FxEnabled":true},"in2DMode":false,"pivot":{"x":3.6962549686431886,"y":3.6992340087890627,"z":5.424745082855225},"rotation":{"x":0.015295612625777722,"y":0.9776943325996399,"z":-0.19494329392910005,"w":0.07671117782592774},"size":0.43525534868240359,"orthographic":false}